ID;NAME
100000;Random seller 1
100001;Random seller 2
100002;Random seller 3
100003;Random seller 4
100004;Random seller 5
100005;Random seller 6
100006;Random seller 7
100007;Random seller 8
100008;Random seller 9
100009;Random seller 10
100010;Random seller 11
100011;Random seller 12
100012;Random seller 13
100013;Random seller 14
100014;Random seller 15
100015;Random seller 16
100016;Random seller 17
100017;Random seller 18
100018;Random seller 19
100019;Random seller 20
100020;Random seller 21
100021;Random seller 22
100022;Random seller 23
100023;Random seller 24
100024;Random seller 25
100025;Random seller 26
100026;Random seller 27
100027;Random seller 28
100028;Random seller 29
100029;Random seller 30
100030;Random seller 31
100031;Random seller 32
100032;Random seller 33
100033;Random seller 34
100034;Random seller 35
100035;Random seller 36
100036;Random seller 37
100037;Random seller 38
100038;Random seller 39
100039;Random seller 40
100040;Random seller 41
100041;Random seller 42
100042;Random seller 43
100043;Random seller 44
100044;Random seller 45
100045;Random seller 46
100046;Random seller 47
100047;Random seller 48
100048;Random seller 49
100049;Random seller 50
100050;Random seller 51
100051;Random seller 52
100052;Random seller 53
100053;Random seller 54
100054;Random seller 55
100055;Random seller 56
100056;Random seller 57
100057;Random seller 58
100058;Random seller 59
100059;Random seller 60
100060;Random seller 61
100061;Random seller 62
100062;Random seller 63
100063;Random seller 64
100064;Random seller 65
100065;Random seller 66
100066;Random seller 67
100067;Random seller 68
100068;Random seller 69
100069;Random seller 70
100070;Random seller 71
100071;Random seller 72
100072;Random seller 73
100073;Random seller 74
100074;Random seller 75
100075;Random seller 76
100076;Random seller 77
100077;Random seller 78
100078;Random seller 79
100079;Random seller 80
100080;Random seller 81
100081;Random seller 82
100082;Random seller 83
100083;Random seller 84
100084;Random seller 85
100085;Random seller 86
100086;Random seller 87
100087;Random seller 88
100088;Random seller 89
100089;Random seller 90
100090;Random seller 91
100091;Random seller 92
100092;Random seller 93
100093;Random seller 94
100094;Random seller 95
100095;Random seller 96
100096;Random seller 97
100097;Random seller 98
100098;Random seller 99
100099;Random seller 100
100100;Random seller 101
100101;Random seller 102
100102;Random seller 103
100103;Random seller 104
100104;Random seller 105
100105;Random seller 106
100106;Random seller 107
100107;Random seller 108
100108;Random seller 109
